INSERT INTO authors (author_id, uuid, firstname, lastname, date_created, last_modified, user_created,
                     user_modified)
VALUES (1, 'f8490fba-ab08-4dae-bf9f-befc9c33633b', 'Croc', '', '2022-06-06 02:04:51.420654',
        '2022-06-06 02:04:51.420654', 'morgan', 'morgan');
INSERT INTO authors (author_id, uuid, firstname, lastname, date_created, last_modified, user_created,
                     user_modified)
VALUES (2, '5e573c20-d6ff-4d82-a4a5-f48cead564cc', 'John', 'Wick', '2022-06-06 02:09:22.385578',
        '2022-06-06 02:09:22.385578', 'morgan', 'morgan');
INSERT INTO authors (author_id, uuid, firstname, lastname, date_created, last_modified, user_created,
                     user_modified)
VALUES (3, '3737df0d-97ba-4b47-b8b8-e35b2bb12fc5', 'Max', 'Brooke', '2022-06-06 02:12:32.384225',
        '2022-06-06 02:12:32.384225', 'morgan', 'morgan');
INSERT INTO authors (author_id, uuid, firstname, lastname, date_created, last_modified, user_created,
                     user_modified)
VALUES (4, 'a291d222-4ee8-461b-8773-020033e892af', 'Katrina', 'Ostrander', '2022-06-06 02:12:46.333931',
        '2022-06-06 02:12:46.333931', 'morgan', 'morgan');
INSERT INTO authors (author_id, uuid, firstname, lastname, date_created, last_modified, user_created,
                     user_modified)
VALUES (5, 'f2d64ad3-4bca-4520-baff-12a0ec161384', 'Gary', 'Gygax', '2022-06-06 02:13:07.908668',
        '2022-06-06 02:13:45.913661', 'morgan', 'morgan');
INSERT INTO authors (author_id, uuid, firstname, lastname, date_created, last_modified, user_created,
                     user_modified)
VALUES (6, 'b2641cb4-8a51-4c80-a753-500256f1dce4', 'toto', 'toto', '2022-06-07 19:19:58.443640',
        '2022-06-07 19:19:58.443640', 'morgan', 'morgan');

INSERT INTO publishers (publisher_id, uuid, description, logo, name, website_url, date_created, last_modified,
                        user_created, user_modified)
VALUES (12, '6a195cea-61a1-4ea5-84c2-8dfffc1bda61', 'The Chaosium was founded by visionary game designer Greg Stafford in 1975. For more than forty years, Chaosium has captivated gamers, readers and mythic adventurers worldwide

Our award-winning roleplaying games, board games, and fiction are praised as being some of the most engaging and innovative of all time.

With Chaosium games, you too can dream the dreams of dead gods, and help construct the universe from its essential runes.',
        'https://cdn11.bigcommerce.com/s-9zhx02uo/images/stencil/original/web-logo_1589990598__13140.original.png',
        'Chaosium', 'https://www.chaosium.com/', '2022-06-03 15:29:57.630006', '2022-06-06 14:08:11.939738',
        'fb77a4cf-888f-40c4-8d93-5bb0c9097c6e', 'morgan');
INSERT INTO publishers (publisher_id, uuid, description, logo, name, website_url, date_created, last_modified,
                        user_created, user_modified)
VALUES (5, '044b0962-db15-4741-a986-71eb0bcd6531', 'La référence du jeu de rôle et d''aventure',
        'https://www.black-book-editions.fr/img/logo_bbe_shop.jpg', 'Black Book Edition',
        'https://www.black-book-editions.fr/', '2022-06-02 01:14:58.909792', '2022-06-06 14:06:48.259612',
        'fb77a4cf-888f-40c4-8d93-5bb0c9097c6e', 'morgan');
INSERT INTO publishers (publisher_id, uuid, description, logo, name, website_url, date_created, last_modified,
                        user_created, user_modified)
VALUES (34, '04a795ca-e9b0-4e08-858f-7752e956f688', null,
        'https://wh40k-fr.lexicanum.com/mediawiki/images/thumb/4/4a/Bibliotheque_Interdite.jpg/300px-Bibliotheque_Interdite.jpg',
        'La Bibliothèque Interdite', 'https://fr.wikipedia.org/wiki/Biblioth%C3%A8que_Interdite',
        '2022-06-05 20:23:11.883925', '2022-06-05 20:35:50.413286', 'morgan', 'morgan');
INSERT INTO publishers (publisher_id, uuid, description, logo, name, website_url, date_created, last_modified,
                        user_created, user_modified)
VALUES (6, '2dbe2e3f-094b-4108-b3fc-21d573f3a0fd', 'Live Fast, Play Hard!',
        'https://arkhane-asylum.fr/wp-content/uploads/2018/01/LogoArkhane-100.png', 'Arkhane Asylum Publishing',
        'https://arkhane-asylum.fr/', '2022-06-03 15:16:20.951315', '2022-06-06 14:06:57.512662',
        'fb77a4cf-888f-40c4-8d93-5bb0c9097c6e', 'morgan');
INSERT INTO publishers (publisher_id, uuid, description, logo, name, website_url, date_created, last_modified,
                        user_created, user_modified)
VALUES (13, 'a63873cf-bd14-47bb-9386-dd11f1f1d665', null,
        'https://goodman-games.com/wp-content/uploads/2016/03/GG_logo.png', 'Goodman Games',
        'https://goodman-games.com/', '2022-06-03 15:34:00.792226', '2022-06-05 20:50:04.824109',
        'fb77a4cf-888f-40c4-8d93-5bb0c9097c6e', 'morgan');
INSERT INTO publishers (publisher_id, uuid, description, logo, name, website_url, date_created, last_modified,
                        user_created, user_modified)
VALUES (7, '7e79e5f7-aac1-4c77-93a5-7c6af2a354d7',
        'Edge Studio relies on a team of developers from around the world to develop and release games across the globe. Led by longtime industry veterans and talented artists, writers, and game designers, Edge is focused on developing roleplaying games that are beautiful, engaging, and fun to play',
        'https://edge-studio.net/wp-content/uploads/2022/04/logo-edge-studio-1.png', 'Edge Studio',
        'https://edge-studio.net/', '2022-06-03 15:17:21.354496', '2022-06-06 14:07:14.715979',
        'fb77a4cf-888f-40c4-8d93-5bb0c9097c6e', 'morgan');
INSERT INTO publishers (publisher_id, uuid, description, logo, name, website_url, date_created, last_modified,
                        user_created, user_modified)
VALUES (8, 'a3823833-90da-4c3f-a371-9068c3e03137', 'jdr editions',
        'http://www.jdreditions.com/images/logobandeauhaut.jpg', 'Jdr editions', 'http://jdreditions.com/',
        '2022-06-03 15:19:30.314231', '2022-06-06 14:07:28.375333', 'fb77a4cf-888f-40c4-8d93-5bb0c9097c6e', 'morgan');
INSERT INTO publishers (publisher_id, uuid, description, logo, name, website_url, date_created, last_modified,
                        user_created, user_modified)
VALUES (9, '3acc4310-81f1-484d-810a-b07b29d36649', 'ffg',
        'https://www.fantasyflightgames.com/static/images/logo_ffgdiamond_blk.png', 'Fantasy Flight Games',
        'https://www.fantasyflightgames.com/en/index/', '2022-06-03 15:20:19.074841', '2022-06-06 14:07:42.241860',
        'fb77a4cf-888f-40c4-8d93-5bb0c9097c6e', 'morgan');
INSERT INTO publishers (publisher_id, uuid, description, logo, name, website_url, date_created, last_modified,
                        user_created, user_modified)
VALUES (10, 'cc0d59fa-aae7-49cf-9e88-b156361feabb', 'Cubicle7 Games',
        'https://d36m1qptak1s7f.cloudfront.net/wp-content/uploads/2018/12/C7NewLogo300web.jpg', 'Cubicle7 Games',
        'https://cubicle7games.com/', '2022-06-03 15:21:04.957782', '2022-06-06 14:07:52.462219',
        'fb77a4cf-888f-40c4-8d93-5bb0c9097c6e', 'morgan');
INSERT INTO publishers (publisher_id, uuid, description, logo, name, website_url, date_created, last_modified,
                        user_created, user_modified)
VALUES (11, 'd4e7ed8d-3b8f-43b7-9636-369c222588c2',
        'Nous sommes douze singes joueurs, aussi faisons-nous le plus souvent des périples ludiques. Par conséquent, nous éditons des jeux. Des jeux qui titillent notre imaginaire et nous suggèrent mille mots, mille images, que parfois nous éditerons à leur tour.',
        'https://www.les12singes.com/img/les-xii-singes-logo-1553070773.jpg', 'Les XII Singes',
        'https://www.les12singes.com/', '2022-06-03 15:23:25.065981', '2022-06-06 14:08:04.044346',
        'fb77a4cf-888f-40c4-8d93-5bb0c9097c6e', 'morgan');

INSERT INTO roleplayinggames (roleplayinggame_id, uuid, description, picture_url, subtitle, title, website_url,
                              date_created, last_modified, user_created, user_modified)
VALUES (20, 'b313b697-84cd-43e6-9efa-843c39df759b', '',
        'https://wh40krpgtools.s3.amazonaws.com/images/settings/dark-heresy-banner.jpg', '', 'Dark Heresy',
        'https://www.40krpgtools.com/library/dark-heresy/', '2022-06-05 22:23:09.644917', '2022-06-05 22:23:09.644917',
        'morgan', 'morgan');
INSERT INTO roleplayinggames (roleplayinggame_id, uuid, description, picture_url, subtitle, title, website_url,
                              date_created, last_modified, user_created, user_modified)
VALUES (21, '91aca7e6-3ab6-4311-9d67-124d506643c1', '',
        'https://i1.wp.com/www.playerreset.com/wp-content/uploads/2018/10/call_of_cthulhu_registered.png', '',
        'Call of Cthulhu', 'https://www.chaosium.com/call-of-cthulhu-rpg/', '2022-06-05 22:24:04.397356',
        '2022-06-05 22:24:04.397356', 'morgan', 'morgan');
INSERT INTO roleplayinggames (roleplayinggame_id, uuid, description, picture_url, subtitle, title, website_url,
                              date_created, last_modified, user_created, user_modified)
VALUES (22, 'e50916ce-c346-48b4-9309-935d8d7abe42',
        'It is an era of sudden change and upheaval in Rokugan. Mortal schemes, natural calamities, and celestial turmoil alike have disrupted the political, military, and spiritual equilibrium of the land. Long-simmering rivalries and fresh betrayals ripple through the courts and on the battlefield. The Chrysanthemum Throne is beset by threats from without and within, and the honor of the seven Great Clans shall be put to the test. Who among the clans will prove strong enough to guide Rokugan in these tumultuous times? Will their names be lifted up beside those of the honored ancestors, or will they fall among the ranks of the empire’s most infamous villains? ',
        'https://shinygames.uk/wp-content/uploads/2018/08/l5r-category.jpg', '', 'Legend of the Five Rings',
        'https://edge-studio.net/shares/l5r-2/', '2022-06-06 02:07:32.767098', '2022-06-06 02:07:32.767098', 'morgan',
        'morgan');
INSERT INTO roleplayinggames (roleplayinggame_id, uuid, description, picture_url, subtitle, title, website_url,
                              date_created, last_modified, user_created, user_modified)
VALUES (13, '41dc5d47-8697-4db6-b95a-826141a9894a',
        'Dungeons & Dragons (commonly abbreviated as D&D or DnD) is a fantasy tabletop role-playing game (RPG) originally designed by Gary Gygax and Dave Arneson. It was first published in 1974 by Tactical Studies Rules, Inc. (TSR). It has been published by Wizards of the Coast (now a subsidiary of Hasbro) since 1997. The game was derived from miniature wargames, with a variation of the 1971 game Chainmail serving as the initial rule system. D&D''s publication is commonly recognized as the beginning of modern role-playing games and the role-playing game industry. WIKIPEDIA',
        'https://images.ctfassets.net/swt2dsco9mfe/1qU2YMq2MSczf9KGme5gu7/a580e2f158f2c08faad3a9d4463af0bc/dnd-hub-logo.png?fm=avif',
        'D&D', 'Dungeons & Dragons', 'https://dnd.wizards.com/', '2022-06-05 22:13:10.911279',
        '2022-06-05 22:13:10.911279', 'morgan', 'morgan');
INSERT INTO roleplayinggames (roleplayinggame_id, uuid, description, picture_url, subtitle, title, website_url,
                              date_created, last_modified, user_created, user_modified)
VALUES (14, '7c29d26d-7aa5-481e-885c-d9d196197a56',
        'Vampire: The Masquerade is a tabletop role-playing game (tabletop RPG) created by Mark Rein-Hagen and released in 1991 by White Wolf Publishing as the first of several Storyteller System games for its World of Darkness setting line. It is set in a fictionalized "gothic-punk" version of the modern world where players assume the role of vampires, who are referred to as "Kindred." and deal with their night-to-night struggles against their own bestial natures, vampire hunters, and each other.',
        'https://upload.wikimedia.org/wikipedia/commons/4/40/Vampire_The_Masquerade_logo_V5.png', '',
        'Vampire The Masquerade', 'https://www.worldofdarkness.com/vampire-the-masquerade',
        '2022-06-05 22:15:44.945128', '2022-06-05 22:15:44.945128', 'morgan', 'morgan');
INSERT INTO roleplayinggames (roleplayinggame_id, uuid, description, picture_url, subtitle, title, website_url,
                              date_created, last_modified, user_created, user_modified)
VALUES (15, '061bf33d-2bd4-4f9a-b492-4fddfd049e18',
        'Pavillon Noir 2e édition est le jeu de rôle français de référence sur la piraterie. Fabuleuse chasse au trésor dans les lagons des Caraïbes, abordages meurtriers en pleine mer, intrigues politiques entre royaumes concurrents, duels à l’épée sur une plage au coucher de soleil… le jeu couvre toutes les formidables possibilités d’aventures du genre.',
        'https://www.black-book-editions.fr/contenu/image/Images_divers/JDR_Pavillonnoir/PN2_Logo.jpg', '',
        'Pavillon Noir', 'https://www.black-book-editions.fr/catalogue.php?id=7', '2022-06-05 22:16:54.151864',
        '2022-06-05 22:16:54.151864', 'morgan', 'morgan');
INSERT INTO roleplayinggames (roleplayinggame_id, uuid, description, picture_url, subtitle, title, website_url,
                              date_created, last_modified, user_created, user_modified)
VALUES (16, '3df771a9-81c2-4235-97cc-1739b450e4e3',
        ' Eclipse Phase est un jeu de rôle sur la transhumanité dans un monde post-apocalyptique de conspiration et d''horreur. Bercé de technologie, d''horreurs extra-terrestres et de questionnement sur la tranhumanité, Eclipse Phase est un jeu de "Hard Science-Fiction" moderne sans équivalent dans le monde du JdR.',
        'https://www.black-book-editions.fr/contenu/image/Images_divers/JDR%20Eclipse%20Phase/EP_00_Eclipse%20Phase_LOGO.jpg',
        '', 'Eclipse Phase', 'https://www.black-book-editions.fr/catalogue.php?id=34', '2022-06-05 22:17:47.014387',
        '2022-06-05 22:17:47.014387', 'morgan', 'morgan');
INSERT INTO roleplayinggames (roleplayinggame_id, uuid, description, picture_url, subtitle, title, website_url,
                              date_created, last_modified, user_created, user_modified)
VALUES (17, '2cf688d1-0490-4c2c-807a-c9459cec066c',
        'Wastburg est une gamme de jeu de rôle de low fantasy adapté du roman du même nom.',
        'https://www.gameontabletop.com/contenu/image/ks_projet_img/332_l9_Jcapkg9Eosk_8bP3swbhySoxm', '', 'Wastburg',
        'https://www.les12singes.com/9-wastburg', '2022-06-05 22:19:54.709877', '2022-06-05 22:19:54.709877', 'morgan',
        'morgan');
INSERT INTO roleplayinggames (roleplayinggame_id, uuid, description, picture_url, subtitle, title, website_url,
                              date_created, last_modified, user_created, user_modified)
VALUES (18, '467d52c7-9ce1-4ea4-af8c-c10262d08da9',
        'Warhammer Fantasy Roleplay (WFRP) takes you back to the Old World. Get the gang together, create your (anti)heroes, and set off to make your way through the vile corruption, scheming plotters and terrifying creatures intent on destruction. Prepare yourself for the struggle of the gutter, to fight for your survival, and to face corruption on all sides. Prepare yourself for danger, as lethal threats are everywhere, and you can’t face them alone. And, most of all, prepare yourself for the grim and perilous adventure of Warhammer Fantasy Roleplay!',
        'https://d36m1qptak1s7f.cloudfront.net/wp-content/uploads/2019/02/WFRP.png', '', 'Warhammer Fantasy Roleplay',
        'https://cubicle7games.com/our-games/warhammer-fantasy-roleplay/', '2022-06-05 22:20:51.559045',
        '2022-06-05 22:20:51.559045', 'morgan', 'morgan');
INSERT INTO roleplayinggames (roleplayinggame_id, uuid, description, picture_url, subtitle, title, website_url,
                              date_created, last_modified, user_created, user_modified)
VALUES (19, '2a9b564e-b333-4c4d-b812-a7a0ff4789b8', '',
        'http://kilobops.ladderface.net/lp/images/projects/roguetrader/rogue-trader-logo-lg.png', '', 'Rogue Trader',
        'https://en.wikipedia.org/wiki/Rogue_Trader_(role-playing_game)', '2022-06-05 22:22:30.397609',
        '2022-06-05 22:22:30.397609', 'morgan', 'morgan');

INSERT INTO campaign (campaign_id, uuid, title, date_created, last_modified, user_created, user_modified)
VALUES (1, '5acd6e81-dae8-4608-b637-084b32bcd27b', 'test2', '2022-06-06 21:18:45', '2022-06-06 22:43:46', 'morgan',
        'morgan');
INSERT INTO campaign (campaign_id, uuid, title, date_created, last_modified, user_created, user_modified)
VALUES (3, '03bbded1-e68a-4e41-8775-33219408405d', 'Nouvelle Campagne', '2022-06-07 19:23:10', '2022-06-07 19:23:10',
        'morgan', 'morgan');
INSERT INTO campaign (campaign_id, uuid, title, date_created, last_modified, user_created, user_modified)
VALUES (4, 'fc7e81d3-d595-4971-9274-cecbf747d629', 'test', '2022-06-07 19:23:58', '2022-06-07 19:23:58', 'toto',
        'toto');
INSERT INTO campaign (campaign_id, uuid, title, date_created, last_modified, user_created, user_modified)
VALUES (5, 'f27b6ee5-a85e-4c70-83ca-fe989df77ca0', 'titi', '2022-06-07 19:24:54', '2022-06-07 19:24:54', 'titi',
        'titi');

INSERT INTO editions (edition_id, uuid, edition_number, edition_title, roleplayinggame_id, date_created,
                      last_modified, user_created, user_modified)
VALUES (4, '3dbc3d32-69cf-434d-8c67-fb51497df01b', 1, '1ère édition', 20, '2022-06-05 22:24:30.347480',
        '2022-06-05 22:24:30.347480', 'morgan', 'morgan');
INSERT INTO editions (edition_id, uuid, edition_number, edition_title, roleplayinggame_id, date_created,
                      last_modified, user_created, user_modified)
VALUES (5, '9bd03b2a-fb50-4519-880e-437feda7abdf', 2, '2ème édition', 20, '2022-06-05 22:24:39.981878',
        '2022-06-05 22:24:39.981878', 'morgan', 'morgan');
INSERT INTO editions (edition_id, uuid, edition_number, edition_title, roleplayinggame_id, date_created,
                      last_modified, user_created, user_modified)
VALUES (6, '5bebd1f8-2781-498d-aef5-439e187e3127', 1, '1ère édition', 19, '2022-06-05 22:24:51.411642',
        '2022-06-05 22:24:51.411642', 'morgan', 'morgan');
INSERT INTO editions (edition_id, uuid, edition_number, edition_title, roleplayinggame_id, date_created,
                      last_modified, user_created, user_modified)
VALUES (7, 'f04bf3c8-7266-430a-a7d7-1546954f6a8b', 2, 'Advanced Dungeons & Dragons', 13, '2022-06-05 22:25:20.411358',
        '2022-06-05 22:37:10.848864', 'morgan', 'morgan');
INSERT INTO editions (edition_id, uuid, edition_number, edition_title, roleplayinggame_id, date_created,
                      last_modified, user_created, user_modified)
VALUES (8, '2425465f-0e7f-470f-9adb-f5f8a2fadf65', 4, '4ème édition', 18, '2022-06-05 22:48:59.905701',
        '2022-06-05 22:48:59.905701', 'morgan', 'morgan');
INSERT INTO editions (edition_id, uuid, edition_number, edition_title, roleplayinggame_id, date_created,
                      last_modified, user_created, user_modified)
VALUES (9, '5825c5c4-3bde-4a69-9682-cd62b8081b94', 2, '2ème édition', 18, '2022-06-06 00:19:02.136997',
        '2022-06-06 00:19:02.136997', 'morgan', 'morgan');
INSERT INTO editions (edition_id, uuid, edition_number, edition_title, roleplayinggame_id, date_created,
                      last_modified, user_created, user_modified)
VALUES (10, 'f8273d6b-da98-4491-b317-e0c377cf6b6e', 5, '5ème édition', 22, '2022-06-06 02:08:09.402491',
        '2022-06-06 02:08:09.402491', 'morgan', 'morgan');
INSERT INTO editions (edition_id, uuid, edition_number, edition_title, roleplayinggame_id, date_created,
                      last_modified, user_created, user_modified)
VALUES (11, 'f792a7d9-be8f-42d9-8e6f-5de09364ff27', 5, '5th edition', 13, '2022-06-07 19:17:58.435223',
        '2022-06-07 19:18:17.340403', 'morgan', 'morgan');

INSERT INTO collections (collection_id, uuid, description, title, edition_id, publisher_id, date_created,
                         last_modified, user_created, user_modified)
VALUES (2, 'd4e6f2d5-4128-4b13-8132-6c3c69b692eb', 'core - DH1', 'core - Dark Heresy 1', 4, 7,
        '2022-06-05 22:37:59.165206', '2022-06-06 13:07:05.505754', 'morgan', 'morgan');
INSERT INTO collections (collection_id, uuid, description, title, edition_id, publisher_id, date_created,
                         last_modified, user_created, user_modified)
VALUES (8, '8df7422c-699d-4de8-8539-46a17ea6166e', 'core - L5R-5', 'core - L5R-5', 4, 7, '2022-06-06 02:08:33.561761',
        '2022-06-06 13:07:15.988962', 'morgan', 'morgan');
INSERT INTO collections (collection_id, uuid, description, title, edition_id, publisher_id, date_created,
                         last_modified, user_created, user_modified)
VALUES (6, 'd85310c9-d1ba-472c-8536-662e3ec699ce', 'core - WFRP2', 'core - WFRP2', 9, 5, '2022-06-06 00:52:57.360227',
        '2022-06-06 13:07:22.703010', 'morgan', 'morgan');
INSERT INTO collections (collection_id, uuid, description, title, edition_id, publisher_id, date_created,
                         last_modified, user_created, user_modified)
VALUES (5, 'ce9e76fe-0f02-49bc-9514-9ad45f0cf71a', 'core -Rogue Trader', 'core -Rogue Trader', 6, 7,
        '2022-06-06 00:50:50.597709', '2022-06-06 13:07:35.104317', 'morgan', 'morgan');
INSERT INTO collections (collection_id, uuid, description, title, edition_id, publisher_id, date_created,
                         last_modified, user_created, user_modified)
VALUES (4, '9917fc57-c5c1-4a52-ab03-5373ee1477f4', 'WFRP - 4', 'core - warhammer4', 8, 10, '2022-06-05 22:49:26.701603',
        '2022-06-06 13:07:48.895638', 'morgan', 'morgan');
INSERT INTO collections (collection_id, uuid, description, title, edition_id, publisher_id, date_created,
                         last_modified, user_created, user_modified)
VALUES (7, 'd6d3dacc-3f60-4e30-a40c-4f71853feae4', 'core - DH2 ', 'core - Dark Heresy 2 ', 4, 5,
        '2022-06-06 01:06:13.143457', '2022-06-06 13:08:14.571146', 'morgan', 'morgan');
INSERT INTO collections (collection_id, uuid, description, title, edition_id, publisher_id, date_created,
                         last_modified, user_created, user_modified)
VALUES (9, '9249b656-d0be-478b-9597-bc9952d9fb33', 'core DD5', 'core - DD5', 11, 7, '2022-06-07 19:19:20.765037',
        '2022-06-07 19:19:20.765037', 'morgan', 'morgan');

INSERT INTO books (book_id, uuid, book_category, cover, description, isbn, language, subtitle, title,
                   collection_id, date_created, last_modified, user_created, user_modified)
VALUES (5, '4d60daf7-f326-4e2c-b5b6-27165d10a811', 'GAME_MASTER_SCREEN',
        'https://edge-studio.net/wp-content/uploads/2021/05/product_L5R02.png', 'Livre de base L5R', '9781633443402',
        'en', null, 'Core Rulebook', 8, '2022-06-06 13:09:48.301410', '2022-06-06 13:25:09.165136', 'morgan', 'morgan');
INSERT INTO books (book_id, uuid, book_category, cover, description, isbn, language, subtitle, title,
                   collection_id, date_created, last_modified, user_created, user_modified)
VALUES (6, 'bfe96b94-f7b5-4cbd-9eac-3152f85ed957', 'GAME_MASTER_SCREEN',
        'https://edge-studio.net/wp-content/uploads/2021/05/product_L5R04.png',
        'Emerald Empire explores the places and people of Rokugan, from small villages of fisherfolk to mighty daimyō in their castles, to deep primordial forests and the spirits that dwell within.',
        '9782226471604', 'en', null, ' Emerald Empire ', 8, '2022-06-06 13:13:44.932717', '2022-06-06 13:25:22.448849',
        'morgan', 'morgan');
INSERT INTO books (book_id, uuid, book_category, cover, description, isbn, language, subtitle, title,
                   collection_id, date_created, last_modified, user_created, user_modified)
VALUES (8, 'f7adabf5-5514-4219-bd51-3cb2dcdc477f', 'GAME_MASTER_SCREEN',
        'https://edge-studio.net/wp-content/uploads/2021/05/product_L5R02.png', 'test', '9782226471604', 'en', null,
        'Livre de base', 2, '2022-06-07 19:22:10.184844', '2022-06-07 19:22:34.726551', 'morgan', 'morgan');

INSERT INTO author_book (book_id, author_id)
VALUES (5, 3);
INSERT INTO author_book (book_id, author_id)
VALUES (5, 4);
INSERT INTO author_book (book_id, author_id)
VALUES (6, 3);
INSERT INTO author_book (book_id, author_id)
VALUES (6, 4);
INSERT INTO author_book (book_id, author_id)
VALUES (8, 6);
INSERT INTO author_book (book_id, author_id)
VALUES (8, 5);
INSERT INTO author_book (book_id, author_id)
VALUES (8, 2);
INSERT INTO author_book (book_id, author_id)
VALUES (8, 4);
INSERT INTO author_book (book_id, author_id)
VALUES (8, 3);
